Kernel,CPU Time (s),GPU Time (s)
Histogram Equalization,10.68670105934143,3.9005556106567383
Edge Detection,202.93487334251404,3.0392050743103027
