Kernel,CPU Time (s),GPU Time (s)
Histogram Equalization,11.018573999404907,3.7543253898620605
Edge Detection,200.69779682159424,3.4001803398132324
